shot_id,shot_made_flag
1,0.309696
8,0.44281
17,0.835991
20,0.92324
33,0.458474
34,0.40164
35,0.441523
36,0.469979
37,0.757906
38,0.54108
45,0.395474
50,0.41245
55,0.27092
60,0.286458
66,0.258331
67,0.278537
71,0.413363
80,0.217329
85,0.42031
86,0.435806
95,0.557064
104,0.553219
113,0.56597
123,0.443952
126,0.77745
133,0.705353
141,0.363909
144,0.627487
150,0.847566
152,0.539563
153,0.759544
156,0.20358
159,0.788052
165,0.637098
172,0.325774
182,0.94669
192,0.268482
193,0.720228
196,0.152429
202,0.496738
210,0.422082
211,0.69446
228,1
257,0.476026
260,0.49564
264,0.422578
267,0.581426
279,0.859727
282,0.17418
293,0.280363
299,0.755894
300,0.545167
301,0.809474
317,0.287183
327,0.235265
328,0.386664
335,0.455459
346,0.609175
348,0.423097
365,0.353409
390,0.804269
391,0.755748
392,0.731704
397,0.309333
418,0.458511
428,0.496511
434,0.668093
439,0.388338
440,0.279071
456,0.413175
459,0.569815
472,0.454481
480,0.394742
491,0.253581
497,0.156319
509,0.203544
511,0.384539
523,0.289749
533,0.252552
544,0.439618
546,0.712676
555,0.669871
558,0.327994
560,0.45663
573,0.435712
591,0.489207
596,0.170207
597,0.546008
601,0.631831
605,0.277459
617,0.263495
628,0.358259
634,0.484294
646,0.366589
649,0.543461
651,0.75821
654,0.561286
656,0.497629
657,0.395511
669,0.476189
670,1
693,0.420745
694,0.0928317
699,0.327042
711,0.344137
718,0.13206
722,0.12754
723,0.306745
725,0.81204
734,0.540531
735,0.559366
737,0.624962
746,0.5057
747,0.416625
766,0.274356
767,0.403747
771,0.239714
773,0.368427
774,0.203544
783,0.397857
784,0.355239
789,0.299719
792,0.335912
804,0.412975
809,0.52799
812,0.402092
813,0.304889
817,0.42565
820,0.474835
825,0.587642
826,0.480267
829,0.662882
855,0.536142
859,0.76683
862,0.487854
870,0.383269
876,0.322843
880,0.393402
886,1
889,0.8064
891,0.54533
897,1
902,0.485664
903,0.570074
908,0.201884
909,0.439189
920,0.306356
922,0.459755
924,0.598287
932,0.426269
934,0.649233
937,0.414437
941,0.532313
943,0.50626
950,0.63261
952,0.625971
954,1
963,0.45928
975,0.220935
979,0.385631
981,0.32451
983,0.381588
985,0.395669
989,0.355952
995,0.495775
998,0.632949
1008,0.44603
1019,0.643484
1023,0.265351
1026,0.362334
1029,0.342487
1034,0.486883
1036,0.164207
1038,0.383928
1039,0.292692
1051,0.527886
1052,0.289537
1066,0.208187
1087,0.331161
1092,0.465162
1094,0.768535
1098,0.496161
1099,0.436754
1102,0.405758
1118,0.372992
1131,0.219741
1133,0.445582
1135,0.80137
1138,0.213639
1139,0.579155
1142,0.170387
1151,0.357621
1152,0.155691
1155,0.686686
1165,0.319425
1167,0.954739
1172,0.396284
1174,0.741831
1180,0.510996
1200,0.292445
1202,0.342162
1227,0.697513
1228,0.880479
1229,0.536296
1237,0.375843
1241,0.235721
1256,0.447319
1279,0.379303
1293,0.460344
1295,0.487582
1319,0.830351
1320,0.458213
1321,0.556838
1322,0.383613
1334,0.34885
1351,0.647733
1373,0.332292
1375,0.191742
1380,0.453478
1382,0.397173
1385,0.588304
1399,0.288884
1403,0.70399
1428,0.340212
1434,0.403495
1444,1
1448,0.445743
1466,0.609062
1476,0.412877
1478,0.250977
1485,0.343558
1491,0.530285
1494,0.363627
1500,0.440506
1501,0.375616
1503,0.521555
1519,0.892414
1524,0.332736
1529,0.762979
1533,0.869432
1538,0.997903
1539,0.345664
1546,0.569843
1555,0.399324
1559,0.531126
1563,0.688695
1565,0.998252
1574,0.542466
1591,0.55334
1594,0.445058
1605,0.470965
1611,0.406188
1614,0.432395
1620,0.300366
1626,0.262013
1630,0.29975
1632,0.26399
1634,0.210334
1643,0.327631
1651,0.499214
1655,0.546954
1658,0.242994
1659,0.29859
1665,0.225359
1675,0.361173
1680,0.668728
1690,0.251649
1696,0.28701
1714,0.351833
1721,0.320005
1726,0.378449
1728,0.411454
1734,0.335677
1735,0.373888
1740,0.448312
1744,0.782526
1747,0.206564
1752,0.492336
1763,0.729954
1765,0.867831
1769,0.37757
1785,0.648736
1787,0.302417
1788,0.294462
1793,0.160832
1800,0.257332
1825,0.289809
1826,0.811344
1834,0.366973
1843,0.364008
1844,0.38114
1848,0.395564
1849,0.417386
1860,0.420414
1863,0.399341
1875,0.561147
1883,0.316533
1890,0.500247
1892,0.293607
1893,0.383709
1897,0.236941
1905,0.451472
1908,0.674657
1931,0.397406
1940,0.620904
1943,0.355871
1947,0.461885
1965,0.56898
1967,0.413197
1968,0.50798
1972,0.675218
1982,0.435465
1985,0.393475
2005,0.690213
2010,0.669575
2021,0.308563
2024,0.737402
2036,0.438609
2043,0.556138
2047,0.520984
2049,0.446874
2055,0.313906
2065,0.459057
2066,0.253349
2070,0.302278
2077,0.941867
2085,0.663403
2095,0.731132
2097,0.603187
2108,0.423347
2112,0.855894
2113,0.734747
2122,0.197833
2139,0.336289
2144,0.732495
2146,0.0545801
2148,0.568539
2149,0.945872
2157,0.440005
2159,0.392808
2168,0.375865
2176,0.459308
2178,0.552286
2181,0.323088
2187,0.932297
2188,0.327207
2190,0.469071
2194,0.302059
2197,0.471242
2214,0.297216
2217,0.440612
2222,0.182704
2223,0.299567
2226,0.398179
2230,0.372616
2240,0.466029
2247,0.410676
2250,0.332774
2259,0.617335
2262,0.259807
2266,0.382975
2305,0.197068
2310,0.221414
2313,0.220593
2319,0.811649
2320,0.615963
2345,0.235112
2350,0.599254
2356,0.355065
2360,0.786641
2370,0.557784
2386,0.233255
2398,0.41291
2414,0.737708
2435,0.965917
2439,0.512241
2446,0.920433
2458,0.329138
2465,0.309373
2466,0.471116
2470,0.424182
2495,0.823181
2501,0.296692
2507,0.230512
2533,0.365807
2537,0.459233
2538,0.30986
2541,0.280439
2542,0.617023
2544,0.85397
2554,0.0358323
2555,0.189296
2565,0.496457
2575,0.919522
2586,0.315077
2588,0.173626
2594,0.565381
2617,0.790928
2618,0.360991
2623,1
2631,0.477026
2640,0.397456
2642,0.849691
2647,0.389639
2663,0.244757
2664,0.0530105
2676,0.188623
2680,0.901878
2681,0.213781
2691,0.376753
2693,0.383042
2695,0.637761
2704,0.400915
2708,0.580318
2709,0.86656
2717,0.94906
2722,0.184993
2728,0.447578
2732,0.616139
2743,0.156921
2752,0.436229
2757,0.772168
2761,0.204717
2769,0.39429
2771,0.186078
2774,0.218198
2776,0.220162
2781,0.385113
2793,0.232624
2799,0.612877
2803,0.172474
2811,0.35485
2818,0.432097
2824,0.232032
2828,0.702101
2829,0.44232
2830,0.395364
2842,0.694822
2847,0.677921
2848,0.434216
2868,0.250021
2870,0.334645
2885,0.343242
2886,0.48089
2889,0.858342
2903,0.165793
2904,0.746886
2918,0.663787
2919,0.171015
2922,0.30844
2923,0.339565
2931,0.34516
2945,0.540153
2955,0.37032
2957,0.990783
2960,0.766582
2963,0.494912
2966,0.364203
2972,0.654799
2974,0.372381
2982,0.321059
2984,0.485934
3016,0.583761
3021,0.171629
3023,0.746523
3025,0.476334
3029,0.303521
3034,0.897112
3038,0.514344
3040,0.321135
3051,0.686204
3062,0.286683
3069,0.320423
3071,0.0428056
3076,1
3079,0.40435
3081,0.357917
3082,0.371573
3084,0.760323
3098,0.360964
3104,0.392821
3105,0.399488
3114,0.677348
3118,0.522628
3122,0.283227
3132,0.19411
3138,0.565676
3141,0.565349
3156,0.609147
3162,0.844079
3167,0.538628
3170,0.266493
3171,0.266424
3172,0.253696
3176,1
3180,0.303489
3189,0.192947
3198,0.23175
3206,0.238007
3215,0.518748
3222,0.490945
3228,0.313677
3229,0.40733
3232,0.383695
3233,0.115868
3238,0.320324
3256,0.40718
3264,0.705927
3273,0.523091
3275,1
3285,0.0966096
3289,0.287548
3294,0.539156
3306,0.574154
3311,0.639906
3318,0.4426
3322,0.456215
3324,0.441945
3334,0.581457
3341,0.334902
3345,0.196718
3346,1
3352,0.280537
3368,0.261791
3371,0.202555
3372,0.319633
3375,0.325579
3384,0.26541
3387,0.201589
3393,0.344917
3406,0.285448
3411,0.749594
3412,0.598226
3414,0.543815
3417,0.44398
3420,0.825497
3423,0.76816
3436,0.292291
3438,1
3442,0.659638
3443,0.230472
3451,0.377446
3461,0.445518
3489,0.243779
3491,0.554712
3510,0.86785
3515,0.657368
3527,0.542177
3530,0.418501
3540,0.375818
3582,0.295758
3604,0.538609
3605,0.468289
3609,0.300673
3624,0.307948
3628,0.834281
3630,0.302891
3641,0.109507
3642,0.10067
3648,0.361218
3650,1
3652,0.933513
3660,0.26279
3664,0.180737
3670,0.461834
3672,0.194306
3680,0.196257
3682,0.847398
3685,0.819376
3686,0.313362
3689,0.126276
3705,0.296382
3712,0.226242
3713,0.134919
3719,0.211621
3721,0.10564
3723,0.807879
3724,0.0748014
3727,0.0993586
3733,0.328403
3734,0.170621
3742,0.256633
3770,0.37893
3777,0.298477
3778,0.321501
3780,0.455551
3783,0.674551
3784,0.350406
3788,0.387229
3790,0.269824
3794,0.42685
3795,0.568593
3796,0.454092
3801,0.408947
3806,0.34359
3813,0.335691
3814,0.339791
3818,0
3824,0.456883
3836,0.354609
3853,0.559981
3855,0.295588
3858,0.336215
3861,0.862554
3866,0.243418
3870,0.274198
3874,1
3876,0.158964
3878,0.279639
3890,0.350307
3900,0.539222
3904,0.339071
3906,0.220229
3907,0.363681
3908,0.216647
3912,0.346324
3918,0.992452
3923,1
3924,0.499349
3925,0.395896
3927,0.815224
3955,0.883006
3964,0.593725
3969,0.53099
3974,0.735328
3976,0.345587
3984,0.242608
3991,0.610177
3993,1
4009,0.457484
4011,0.450188
4020,0.28782
4033,0.315566
4041,0.516719
4045,0.726015
4052,0.341872
4055,0.351117
4056,0.514572
4057,0.424884
4067,1
4069,0.4478
4077,0.242614
4094,0.35258
4095,0.341552
4100,0.484008
4119,0.521825
4130,0.920946
4131,0.177561
4132,0.93573
4134,0.370095
4137,0.488464
4138,0.136225
4143,0.381325
4145,0.343293
4148,0.40593
4163,0.270799
4166,0.370728
4169,0.957842
4170,0.353769
4174,0.595868
4180,0.384952
4199,0.806045
4201,0.406046
4203,0.70677
4210,0.448372
4211,0.30419
4213,1
4225,0.429697
4235,0.118457
4242,0.303126
4245,0.26807
4250,0.283314
4252,0.381665
4254,0.206261
4263,0.229005
4264,0.222148
4268,0.445407
4270,0.529255
4282,0.861507
4283,0.541807
4291,0.421614
4304,0.492551
4306,0.360708
4309,0.291528
4310,0.356019
4313,0.293561
4314,0.315671
4315,0.270136
4321,0.224011
4324,0.328442
4325,0.245788
4328,0.347948
4329,0.209683
4332,0.263403
4337,0.163609
4342,0.624754
4344,0.597543
4352,0.52082
4355,0.45554
4366,0.277081
4371,0.459961
4372,0.37332
4376,0.466327
4384,0.33918
4387,0.421719
4389,0.421656
4390,0.377095
4406,0.26601
4407,0.836747
4409,1
4410,0.963761
4424,0.4497
4434,0.393471
4452,0.174889
4460,0.256013
4470,0.531303
4480,0.201267
4496,1
4503,0.500061
4512,0.293734
4518,0.377819
4519,0.165097
4522,0.437192
4525,0.19029
4537,0.591968
4546,0.16794
4547,0.799335
4553,0.341014
4556,0.402306
4558,0.565311
4563,0.314341
4568,0.391164
4574,0.912159
4578,0.145569
4587,0.454253
4592,0.297275
4610,0.179946
4615,0.289878
4619,0.276335
4620,0.624028
4625,0.726656
4635,0.417289
4636,0.524568
4641,0.395455
4650,0.228236
4653,0.883992
4665,0.271854
4668,0.862636
4669,0.487921
4670,0.382875
4674,0.278264
4675,0.29171
4676,0.18731
4679,0.274098
4680,0.962573
4686,0.40733
4699,0.353919
4713,0.477122
4718,0.276521
4721,0.187472
4722,0.220173
4724,0.31723
4730,1
4731,0.320462
4735,0.521747
4743,0.494547
4745,0.123677
4746,0.580117
4747,0.148572
4748,0.357423
4769,0.364605
4771,0.256838
4774,0.203774
4784,0.307188
4797,0.336561
4801,0.780147
4804,0.319486
4820,0.459511
4833,0.349975
4834,0.289919
4851,0.210859
4859,0.271187
4860,0.758062
4863,0.279767
4873,0.165291
4881,0.123141
4892,0.296729
4908,0.383666
4911,0.25088
4915,0.277281
4922,0.220458
4929,0.388745
4936,0.300589
4939,0.373715
4951,0.316024
4956,0.207105
4961,0.391434
4964,0.25723
4981,0.356502
4991,1
4992,0.401063
4997,0.519274
5004,0.473609
5010,0.428014
5012,0.399258
5015,0.619375
5020,0.401793
5030,0.44041
5051,1
5052,0.373423
5057,1
5058,0.389017
5060,0.23894
5061,0.558242
5064,0.480011
5078,0.434034
5080,0.331543
5088,0.36149
5089,0.49471
5090,0.366651
5103,1
5108,0.213146
5114,0.19141
5115,0.235728
5124,0.985285
5137,0.218755
5139,0.294816
5144,0.311301
5149,0.642129
5157,0.237762
5163,0.327065
5174,0.325112
5176,0.254044
5179,0.318883
5186,0.586145
5203,0.757023
5204,0.781098
5206,0.214989
5207,0.400831
5220,0.430793
5221,0.775645
5224,0.270225
5227,0.34462
5229,0.205905
5232,0.84118
5240,0.899555
5242,0.437306
5243,0.224509
5245,0.67768
5248,0.34295
5249,0.19923
5254,0.232865
5269,0.36402
5272,0.243174
5276,0.334152
5286,0.790828
5290,0.227672
5308,0.547278
5316,0
5318,0.251261
5319,0.169979
5320,0
5322,0.139331
5324,0.238266
5331,0.727878
5336,1
5344,0.414094
5354,0.284839
5356,0.0393433
5358,0.275652
5361,0.372279
5365,0.894568
5370,0.671925
5376,0.299788
5383,0.162575
5384,0.577915
5385,0.370274
5393,0.727313
5397,0.176577
5398,0.520765
5402,0.348548
5407,0.686722
5409,0.431819
5425,0.241604
5428,0.789051
5430,0.281311
5442,0.320656
5447,0.522329
5470,0.304654
5485,0.0340239
5493,0.237087
5502,0.673105
5504,0.293274
5517,0.538661
5522,0.438319
5527,0.998978
5528,0.263296
5536,0.386285
5545,0.298617
5576,0.326834
5577,0.366068
5592,0.199613
5594,0.114648
5595,0
5596,0.113632
5599,0.473057
5606,0.602897
5617,0.183238
5625,0.756303
5626,0.199537
5627,0.668384
5642,0.527089
5659,0.973371
5664,0.322375
5666,0.281064
5671,0.391232
5674,0.112207
5677,0.66135
5681,0.127234
5683,0
5700,0.328809
5713,0.387033
5715,0.3798
5718,0.117424
5726,0.543149
5738,0.139401
5741,0.705162
5743,0.489107
5753,0.498781
5761,0.0108567
5789,0.972741
5797,0.313834
5803,0.319436
5810,0.485418
5813,0.411605
5817,0.215082
5818,0.421008
5822,0.437947
5829,0.480535
5846,0.252109
5847,0.187088
5854,0.173506
5858,0.253411
5863,0.136748
5869,0.117419
5870,0.108293
5876,0
5881,0.039535
5901,0.123521
5922,0.357893
5928,0.818513
5933,0.357048
5934,0.740082
5946,0.357327
5951,0.208143
5955,0.258232
5956,0.780618
5965,0.263474
5972,0.29839
5981,0.390928
5997,0.449983
6005,0.194688
6009,0.0990192
6010,0.24778
6015,0.259508
6039,0.079979
6047,0.968028
6051,0.0597901
6056,0.253052
6061,0.272279
6064,0.184134
6065,0.503747
6070,0.328387
6085,0.873722
6086,0.0642956
6091,0.783235
6097,0.361765
6099,0.299118
6104,0.59571
6108,0.351264
6109,0.294736
6124,0
6142,0.676208
6144,0.453814
6150,0.469312
6154,0.318139
6155,0.587707
6156,1
6158,0.454151
6159,0.982319
6169,0.64391
6170,0.0801371
6179,0.381099
6184,0.572023
6186,0.830333
6204,0.168261
6230,0.379611
6231,0.434435
6232,0.768002
6235,0.345824
6237,0.393645
6239,0.24203
6263,0.1101
6265,0.360025
6270,0.306127
6271,0.240795
6278,0.238764
6279,0.914624
6288,0.366852
6294,0.415292
6295,0.179916
6302,0.670566
6306,0.457735
6322,0.62173
6324,0.350491
6327,0.202863
6331,0.418538
6334,0.0975808
6338,0.682576
6339,0.680275
6362,0.138168
6372,0.267777
6375,0.632172
6393,0.149032
6394,0.446573
6405,1
6406,0.530481
6416,0.433482
6421,0.577321
6422,0.170372
6440,1
6457,0.688662
6460,0.472766
6463,0.44296
6474,0.900832
6476,0.322563
6477,0.470922
6482,0.626917
6488,0.231416
6489,0.426247
6494,0.50165
6499,0.758913
6507,0.346536
6524,0.349004
6527,0.405621
6531,0.444483
6536,0.212996
6538,0.426707
6542,0.810663
6565,0.446952
6584,0.375888
6588,0.381125
6597,0.301474
6603,0.735249
6609,0.807403
6613,0.811487
6622,0.401909
6630,0.396673
6637,0.33421
6639,0.794989
6640,0.252838
6646,0.335434
6647,0.356392
6648,0.984544
6669,0.239743
6680,0.160223
6681,0.210004
6684,0.178814
6693,0.254556
6694,0.282786
6704,0.506631
6706,0.140991
6710,0.403713
6713,0.453444
6718,0.383378
6732,0.299986
6737,0.298961
6739,0.458369
6742,0.380596
6746,0.392697
6753,0.304305
6771,0.144114
6784,0.354256
6790,0.737313
6795,0.297037
6807,0.183067
6808,0.207829
6818,0.0392174
6823,0.493646
6830,0.304065
6831,0.227464
6832,0.222433
6836,0.270532
6846,0.397187
6850,0.184896
6854,0.20072
6868,0.728809
6876,0.32017
6877,0.843736
6881,0.418054
6882,0.394491
6884,0.299407
6886,0.334514
6901,0.399048
6910,0.367692
6913,0.218813
6914,0.727864
6918,0.703079
6930,1
6941,0.304363
6944,0.461367
6945,0.309687
6947,0.404826
6949,0.776209
6952,0.438953
6963,0.547614
6964,0.618603
6972,0.570259
6979,0.0620321
6981,0.368699
6988,0.706563
6990,0.433686
6998,0.352044
7004,0.231815
7016,0.435389
7027,0.455139
7042,0.282457
7056,0.399029
7061,0.286344
7069,0.563403
7071,0.276036
7088,0.735832
7099,0.172866
7108,0.0739861
7121,0.812804
7125,0.888338
7136,0.428749
7149,0.630498
7150,0.411771
7151,0.215313
7167,0.253927
7177,0.530172
7178,0.142786
7183,0.722902
7186,0.249053
7190,0.0648126
7201,0.398067
7202,0.625435
7207,0.548953
7213,0.464758
7224,0.881403
7225,0.335396
7233,0.388971
7239,0.547312
7246,0.214148
7248,0.266162
7261,0.359866
7264,0.493362
7266,0.31018
7274,0.219468
7279,0.221973
7293,0.249768
7315,0.3865
7322,0.347605
7326,0.76122
7341,0.544669
7363,0.408063
7365,0.533051
7371,0.364903
7377,0.419873
7393,0.829759
7405,0.20269
7410,0.206153
7434,0.787994
7438,0.573488
7447,0.882674
7450,0.906531
7452,0.524224
7453,0.289066
7455,0.574946
7456,0.573942
7457,0.938221
7466,0.344055
7470,0.828916
7474,0.287138
7487,0.624134
7488,0.316801
7492,0.641306
7496,0.43147
7501,0.872707
7505,0.274683
7512,0.335503
7526,0.517371
7536,0.661587
7538,0.613038
7539,0.247498
7544,0.708322
7554,0.575786
7564,0.381284
7566,0.498129
7580,0.78982
7581,0.956047
7584,0.499199
7587,0.369691
7589,0.362954
7590,0.343104
7594,0.454586
7597,0.305097
7602,0.758207
7603,0.429615
7605,0.607342
7609,0.305427
7613,0.588012
7619,0.393385
7625,0.434876
7626,0.483241
7636,0.410162
7639,1
7641,0.523357
7643,0.862266
7644,0.650403
7657,0.409517
7661,0.816857
7666,0.284957
7673,0.470705
7683,0.231812
7685,0.486035
7699,0.432091
7704,0.781135
7705,0.561968
7708,0.520655
7728,0.5753
7733,0.725729
7741,0.462018
7743,0.649771
7745,0.61656
7754,0.61004
7756,0.214977
7757,0.275794
7770,0.508486
7773,0.838165
7774,0.354495
7776,0.76814
7777,0.297085
7778,0.28087
7781,0.0907173
7784,0.321662
7789,0.764866
7794,0.664299
7799,0.445693
7801,0.518544
7818,0.417895
7823,0.401739
7828,0.370786
7832,0.369291
7839,0.410145
7851,0.710214
7856,0.559805
7868,0.397097
7869,0.256449
7872,0.333926
7874,0.500532
7878,0.407764
7888,0.34631
7913,0.525008
7923,0.459479
7925,0.355708
7926,0.561881
7938,0.443295
7942,0.781275
7945,0.41269
7954,0.712316
7963,0.410396
7969,0.225548
7970,0.378063
7977,0.295551
7981,0.31232
7990,0.400563
8020,0.64
8023,0.327659
8025,0.670217
8034,0.430142
8039,0.536846
8046,0.453453
8051,0.185656
8055,0.459255
8060,0.45973
8063,0.430605
8073,0.663256
8074,0.185152
8076,0.748606
8080,0.314773
8088,0.300101
8102,0.561845
8103,0.181885
8104,0.173693
8105,0.62505
8109,0.478656
8115,0.174696
8121,0.638502
8126,0.383819
8135,0.947765
8153,0.527114
8156,0.398558
8160,1
8161,0.188125
8162,0.257709
8171,0.307208
8181,0.366944
8183,0.321818
8185,0.267241
8191,0.930949
8203,0.288265
8204,0.651374
8207,0.728044
8208,0.344207
8209,0.733514
8210,0.200867
8225,0.396354
8226,0.369726
8231,0.442545
8233,0.269364
8244,0.73878
8250,0.392623
8261,0.283069
8265,0.321097
8278,0.275805
8279,0.288854
8280,0.35254
8296,0.820225
8299,0.389097
8300,0.601867
8301,0.493674
8305,0.453681
8327,0.162971
8334,0.30415
8349,0.304603
8355,0.325007
8361,0.270796
8362,0.342892
8364,0.361265
8365,0.331819
8375,0.146505
8378,0.686168
8380,0.364704
8381,0.289348
8387,0.303714
8399,0.788309
8402,1
8409,0.437226
8433,0.793668
8436,0.488457
8442,0.364492
8448,0.413699
8464,0.391004
8469,0.541289
8474,0.531848
8478,0.452448
8482,0.284796
8490,0.28784
8510,0.314267
8511,0.502167
8527,0.207098
8532,0.255456
8533,0.606964
8538,0.441085
8541,0.429796
8545,0.45555
8553,0.378249
8554,0.25247
8555,0.448714
8569,0.424411
8586,0.986702
8593,0.372516
8600,0.741651
8606,0.758981
8607,0.291463
8611,0.469733
8613,0.771911
8618,0.943643
8630,0.454621
8637,0.551289
8650,0.531161
8652,0.485363
8661,0.505868
8669,0.489115
8673,0.446464
8674,0.465468
8678,0.806075
8682,0.444799
8688,0.434491
8689,0.78088
8695,0.582998
8698,0.355597
8703,0.338871
8709,0.180186
8716,0.298617
8723,0.275723
8737,0.277299
8753,0.205226
8773,0.22365
8774,0.239352
8778,0.645144
8786,0.548403
8794,0.305623
8795,0.54007
8800,0.317598
8804,0.671806
8808,0.574935
8809,0.445228
8817,0.1467
8818,0.316131
8825,0.609342
8830,0.375932
8833,0.42162
8834,0.391237
8836,0.433085
8837,0.289921
8844,0.238348
8851,0.388843
8861,0.817576
8864,0.560534
8865,0.389684
8869,0.606206
8873,1
8880,0.606088
8884,0.230122
8888,0.424793
8889,0.310515
8891,0.882924
8893,0.352939
8897,0.494115
8905,0.429279
8910,1
8918,0.266417
8939,0.303502
8940,0.311126
8941,0.256097
8944,0.276087
8949,0.111371
8950,0.348688
8958,0.748466
8967,0.69958
8975,0.627327
8979,0.195642
8980,0.363334
8991,0.255721
8995,0.285258
8996,0.477664
8998,0.571621
9000,0.280543
9001,0.794211
9002,0.355746
9024,0.54015
9026,0.758496
9027,0.502406
9034,0.520643
9038,0.370929
9050,0.426053
9052,0.705907
9054,0.549714
9078,0.808808
9097,0.248435
9109,0.517641
9112,0.836287
9115,0.386479
9125,0.0771255
9132,0.150551
9136,0.0701392
9139,0.283219
9140,0.245993
9142,0.557185
9143,0.189561
9147,0.641563
9159,0.315291
9165,0.750423
9172,0.314234
9177,0.310854
9179,0.216937
9185,0.195669
9196,0.784231
9201,0.443858
9209,0.357506
9210,0.629478
9212,0.400449
9214,0.310624
9240,1
9241,0.290082
9244,0.358094
9249,0.388492
9250,0.656922
9255,0.380495
9258,0.586348
9263,0.316369
9266,0.80086
9269,0.391183
9272,0.55611
9276,0.994709
9290,0.382568
9299,0.353233
9303,0.477244
9310,0.339282
9311,0.324641
9314,0.359199
9315,0.614767
9325,0.33208
9328,0.276463
9329,0.288461
9332,0.90892
9337,0.35516
9353,0.84942
9355,0.604034
9356,0.270605
9362,0.911861
9364,0.266568
9366,0.28633
9387,0.820792
9388,0.822437
9396,0.114521
9400,0.117902
9406,0.566404
9411,0.506783
9416,0.785729
9417,0.819033
9423,0.762659
9425,0.49292
9426,0.464444
9427,0.442957
9429,0.75726
9430,0.760904
9434,0.291352
9442,0.491035
9458,0.276924
9476,0.344105
9481,0.350652
9483,0.307957
9484,0.290053
9487,0.640522
9488,0.370088
9490,0.159335
9502,1
9505,0.237883
9509,0.301499
9515,0.42703
9516,0.28067
9532,0.552506
9539,0.679309
9542,0.368871
9549,0.420616
9550,0.455565
9553,0.244055
9554,0.258084
9561,0.393032
9566,0.405104
9571,0.503783
9577,0.21505
9584,0.28485
9592,0.294195
9596,0.910504
9602,0.303619
9603,0.401025
9604,0.679104
9608,0.613601
9609,0.557592
9613,0.512221
9623,0.332122
9630,1
9633,0.239684
9648,0.469314
9665,0.534766
9668,0.470191
9678,0.578405
9679,0.443497
9693,0.667937
9718,0.773219
9720,0.79485
9744,0.444443
9745,0.570682
9746,0.52129
9753,0.528112
9758,0.24541
9759,0.378458
9763,0.430281
9766,0.252134
9767,0.358337
9777,0.756778
9781,0.415852
9789,0.594833
9790,0.372705
9799,0.170854
9802,0.29632
9805,0.340435
9807,0.279137
9812,0.447201
9818,0.341958
9820,0.748602
9822,0.325558
9824,0.215686
9834,0.218309
9836,0.518971
9847,0.321899
9864,0.577402
9869,0.275348
9875,0.350723
9880,0.345913
9889,0.480028
9894,0.270042
9909,0.626732
9915,0.511376
9919,0.322723
9920,0.614103
9940,0.391221
9946,0.710127
9958,0.653596
9959,0.442826
9973,0.545131
9976,0.340996
9978,0.548409
9982,0.477748
9987,0
9988,0.462861
9992,0.369181
10000,0
10002,0.810678
10005,0.424377
10008,0.123637
10009,0.355221
10011,0.34768
10021,0.435376
10022,0.572305
10053,0.667788
10074,0.527059
10076,0.493604
10090,0.103565
10092,0.512383
10099,0.477485
10102,0.357432
10103,0.212495
10106,0.435191
10108,0.629932
10113,0.7448
10119,0.34394
10122,0.266584
10125,0.298259
10140,0.331603
10155,0.364889
10159,0.375269
10164,0.456146
10175,0.464291
10176,1
10178,0.54627
10186,0.573321
10200,0.494478
10204,0.396087
10206,0.396086
10211,0.420229
10212,0.440535
10217,0.40984
10220,0.217121
10230,0.227341
10234,0.330943
10235,0.338663
10239,0.380693
10240,0.36519
10242,0.383163
10245,0.330465
10246,0.450452
10247,0.345674
10250,0.392391
10254,0.842312
10257,0.426098
10260,0.390188
10261,0.858622
10265,0.333559
10273,0.183575
10274,0.232273
10277,0.602452
10289,0.608076
10290,0.535905
10298,0.451736
10301,0.420271
10304,0.154196
10305,0.460242
10313,0.508503
10320,0.308493
10323,0.400908
10328,0.512971
10332,0.881099
10336,0.931233
10343,0.438025
10348,0.109787
10350,0.159703
10351,0.217688
10354,0.476284
10372,0.473046
10373,0.9577
10380,0.477909
10383,0.493469
10396,0.437569
10397,0.304764
10399,0.582311
10400,0.231969
10401,0.243578
10402,0.166055
10403,0.173157
10410,1
10412,0.543309
10415,0.295262
10424,0.420283
10428,0.38105
10432,0.447269
10462,0.242995
10477,0.504395
10482,0.431539
10484,0.396951
10493,0.357453
10495,0.366169
10497,0.365993
10516,0.407642
10521,0.321603
10522,0.703249
10523,0.662653
10528,0.43766
10530,0.393991
10532,0.502412
10533,0.434271
10543,0.578907
10547,0.522679
10552,0.550754
10558,0.362752
10571,0.239713
10572,0.274976
10574,0.313109
10583,0.397925
10600,0.410798
10607,0.610447
10608,0.622425
10614,0.127007
10630,0.203557
10634,0.358454
10635,0.247848
10641,0.5535
10643,0.639275
10644,0.155629
10648,0.732355
10669,0.398881
10675,0.620937
10686,0.785131
10704,0.320488
10707,0.25943
10722,0.367274
10736,0.713098
10764,0.198346
10767,0.542755
10776,0.488265
10779,0.326337
10781,0.333167
10792,0.546536
10797,0.568475
10798,0.278876
10801,0.436318
10802,0.705545
10805,0.319582
10808,0.316115
10810,0.698793
10816,0.48788
10817,0.593617
10829,0.556239
10843,0.43932
10858,0.397251
10866,0.540685
10876,0.390817
10887,0.544241
10891,0.352229
10896,0.406715
10900,0.802036
10905,0.240599
10907,0.482561
10917,0.312532
10936,0.336661
10947,0.241034
10948,0.684079
10951,0.246663
10955,0.323671
10969,0.570279
10984,0.55846
10987,0.419241
10990,0.510523
10992,0.389258
10996,0.480606
10997,0.353355
10999,0.460275
11000,0.580038
11001,0.593128
11010,0.451399
11016,0.372864
11018,0.780099
11034,0.7301
11039,0.525307
11041,0.373994
11047,0.522189
11053,0.739547
11055,0.357845
11056,0.435946
11065,0.307382
11068,0.930102
11070,0.229183
11071,0.629559
11072,0.646264
11079,0.238153
11091,0.306225
11094,0.367796
11112,0.263057
11113,0.220872
11128,0.347376
11153,0.545866
11154,0.280412
11163,0.410919
11179,0.282602
11181,0.224704
11206,0.376656
11216,0.2237
11221,0.31428
11223,0.484292
11228,0.796927
11235,0.308635
11237,0.29742
11244,0.33304
11256,0.437846
11267,0.52392
11272,0.592569
11281,0.467313
11285,0.565992
11288,0.51425
11291,0.447904
11293,0.502462
11297,0.373633
11298,0.486377
11299,0.437069
11301,0.350184
11309,0.787944
11331,0.226291
11332,0.563615
11337,0.326056
11343,0.68842
11347,0.239229
11348,0.66924
11355,1
11368,0.19048
11369,0.603783
11371,0.715507
11378,0.673271
11384,0.40546
11387,0.380373
11393,0.508964
11399,0.469955
11412,0.807688
11431,0.417872
11432,0.392947
11444,0.614451
11450,1
11451,0.769897
11476,0.610389
11488,0.292724
11495,0.759969
11505,0.357102
11508,0.910966
11518,0.287844
11522,0.326703
11524,0.398638
11533,0.403311
11549,0.401422
11551,1
11560,0.636023
11563,0.530883
11565,0.972419
11567,0.433543
11569,0.496321
11598,0.74553
11604,1
11611,0.439007
11617,0.290762
11626,0.406893
11642,0.423141
11643,0.301677
11648,0.291172
11651,0.312628
11663,0.459908
11666,0.52021
11685,0.325445
11686,0.607728
11698,0.431979
11708,0.431825
11711,0.228484
11718,0.363223
11742,0.384954
11761,0.81884
11767,0.371074
11768,0.370457
11775,0.436105
11779,0.296678
11786,1
11790,0.522479
11791,0.464112
11796,0
11806,0.494489
11810,0.554811
11811,0.543554
11814,0.520853
11816,0.598921
11820,0.327994
11822,0.386403
11829,0.422299
11832,0.278549
11834,0.523352
11836,0.175221
11837,0.401214
11844,1
11847,0.875742
11864,0.811892
11865,0.748647
11872,0.406679
11873,0.254405
11886,0.243239
11894,0.405728
11905,0.286212
11906,0.341767
11907,0.317341
11912,0.295401
11914,0.423372
11918,0.310795
11924,0.353327
11929,1
11930,0.41862
11936,0.484285
11937,0.352516
11954,0.117642
11957,0.377241
11964,0.610704
11968,0.306843
11972,0.2211
11976,0.602886
11979,0.565286
11981,0.345137
11983,0.438886
11989,0.469325
11991,0.460374
11998,0.478354
12003,0.430158
12007,0.482351
12011,0.942867
12014,0.456001
12024,0.424195
12033,0.419378
12034,0.50727
12041,0.291853
12046,0.273517
12056,0.399785
12064,0.462908
12069,0.603528
12070,0.521825
12071,0.340355
12072,0.365215
12078,0.444739
12091,0.853816
12092,0.27517
12094,0.533544
12098,0.558267
12103,0.12742
12115,0.939297
12118,0.266569
12122,0.498373
12125,0.922416
12133,0.46105
12137,0.420681
12141,0.33317
12143,0.284553
12144,0.874828
12154,0.426517
12163,0.293294
12170,0.411712
12193,0.269867
12196,0.348006
12206,0.763641
12209,0.404022
12214,0.459517
12228,0.348037
12233,0.92031
12238,0.339469
12242,0.242271
12245,0.499657
12247,0.531484
12251,0.248887
12287,0.373409
12292,0.703806
12304,0.256704
12317,0.79205
12320,1
12323,0.739075
12328,0.490066
12333,0.951383
12334,0.588166
12335,0.615397
12352,0.539636
12358,0.623363
12364,0.129102
12376,0.434272
12396,0.491415
12402,1
12406,0.337558
12408,0.267069
12410,0.791779
12413,0.423837
12417,0.367748
12424,0.655827
12425,0.178127
12426,0.0585687
12430,0.255917
12432,1
12433,0.476002
12451,0.278089
12457,0.640013
12465,0.481248
12468,0.683593
12474,0.175191
12475,0.314366
12486,0.407972
12487,0.41363
12514,0.337684
12524,1
12526,0.420319
12530,0.368729
12532,0.613187
12593,0.56639
12599,0.410113
12600,0.767353
12603,0.488424
12624,1
12630,0.281312
12638,0.566053
12641,0.915709
12643,0.973629
12656,0.49607
12666,1
12673,0.961873
12675,0.23183
12678,1
12692,0
12693,0.884413
12707,0.433069
12711,0.737928
12716,0.209427
12717,1
12723,0.459198
12738,0.247168
12742,0.221661
12746,0.574189
12753,0.350975
12758,0.42917
12760,0.371606
12763,0.365499
12764,0.369709
12768,0.377027
12776,0.28606
12777,0.366891
12783,0.681298
12804,0.399767
12824,0.538312
12839,0.530452
12847,0.50712
12850,1
12867,0.889535
12883,0.462043
12887,0.27144
12890,0.447274
12903,0.815264
12906,0.430079
12907,0.323918
12909,0.369688
12912,0.247231
12915,0.304929
12930,1
12931,0.535917
12934,0.4376
12951,0.359486
12955,0.36774
12973,0.140425
12988,0.241417
12999,0.110509
13015,0.753745
13026,0.735987
13036,0.494474
13039,0.172982
13040,0.289713
13041,0.719137
13043,0.939368
13057,0.430159
13064,0.193953
13068,0.797757
13069,0.609931
13073,0.693885
13079,0.936076
13086,0.270666
13089,1
13093,0.15278
13097,0.764066
13098,0.294016
13105,0.201873
13107,0.863868
13108,0.416583
13110,0.431129
13112,0.799529
13114,0.506472
13118,0.490289
13127,0.544728
13129,0.359219
13142,1
13146,0.222373
13149,0.158808
13157,0.50165
13158,0.795212
13159,0.878903
13161,0.516078
13162,0.399804
13166,0.536552
13168,0.359355
13170,0.763485
13186,0.581551
13191,0.340167
13203,0.334075
13209,0.379398
13212,0.392777
13213,0.462778
13222,0.2689
13229,0.753434
13234,0.405807
13257,1
13258,0.241717
13268,0.268239
13270,0.218843
13291,0.226195
13292,0.707403
13299,0.45881
13307,1
13309,0.486023
13311,0.456752
13312,0.236182
13322,0.430001
13324,0.865354
13330,0.604815
13338,0.396454
13344,1
13348,0.375559
13355,0.605351
13365,1
13368,0.429766
13370,0.174169
13372,0.793079
13377,1
13385,0.777368
13389,0.296733
13393,0.290719
13395,0.276117
13404,0.213335
13411,0.423905
13416,0.418539
13434,0.59677
13435,0.866912
13445,0.400555
13446,0.24868
13451,0.513941
13462,0.659994
13464,0.169084
13466,0.258671
13471,0.422044
13472,1
13477,0.30476
13481,0.17679
13484,0.64995
13490,0.295099
13492,0.996996
13500,0.257244
13508,0.310848
13516,0.518614
13525,0.276969
13526,0.413798
13530,0.864759
13532,0.270526
13538,0.357214
13546,0.471857
13548,0.536825
13550,0.781417
13551,0.503292
13564,0.273379
13566,0.777689
13570,0.146082
13580,0.379786
13585,0.170896
13588,0.29785
13592,0.344074
13594,0.683279
13609,0.376327
13610,0.992627
13613,0.443276
13625,0.376867
13626,1
13639,0.77961
13645,0.740888
13647,0.496783
13648,0.410882
13652,0.690286
13654,0.737192
13664,0.529579
13673,0.365468
13684,0.396556
13690,0.467758
13693,0.546454
13696,0.261371
13700,0.787718
13701,0.253519
13707,0.70801
13713,0.28216
13714,0.269856
13716,0.540806
13720,0.323341
13727,0.545403
13733,0.537287
13738,0.423092
13757,0.510042
13759,0.719576
13761,0.382101
13767,0.423376
13782,0.524367
13786,0.435475
13787,0.425876
13792,0.497236
13795,0.718478
13798,0.574887
13807,0.467493
13809,0.268775
13811,0.307355
13815,0.207333
13817,0.332238
13818,0.259693
13822,0.337001
13824,0.483235
13829,0.3515
13832,0.991446
13840,0.700364
13841,0.683333
13868,0.429924
13871,0.759062
13880,0.4879
13888,0.966206
13890,0.628578
13891,0.430468
13895,0.374345
13907,0.332677
13910,0.810417
13912,0.775806
13913,0.433465
13923,0.663449
13929,0.465408
13936,0.357231
13946,0.165032
13950,0.446149
13951,0.533363
13954,0.15187
13958,0.608813
13969,0.608074
13980,0.489437
13981,0.309858
13986,0.448485
13987,0.384298
13989,0.704582
13992,0.447819
13994,0.452583
14001,0.675309
14002,0.441235
14004,0.48035
14006,0.404237
14012,0.611081
14021,0.38619
14024,0.521527
14045,0.30619
14047,0.740746
14057,0.368757
14059,0.462843
14060,0.356027
14068,0.349265
14070,0.723989
14074,0.680578
14076,0.732182
14089,0.291288
14115,0.433006
14116,0.37959
14128,0.711499
14131,0.330748
14134,0.670852
14137,0.634937
14138,0.304522
14139,0.654999
14152,0.484125
14153,0.680872
14155,0.629183
14156,0.506957
14164,0.327868
14165,0.534579
14171,0.533714
14174,0.577026
14181,0.194633
14186,0.700453
14192,0.48872
14201,0.622519
14210,0.598579
14214,0.260049
14231,0.352585
14236,0.356964
14241,0.360482
14245,0.433684
14249,0.443625
14251,0.381124
14262,0.454776
14265,0.428413
14267,0.645532
14270,1
14276,0.526498
14279,0.531565
14281,0.357711
14289,0.301326
14290,0.472448
14293,0.622983
14295,1
14297,0.584454
14298,0.602553
14310,0.430788
14312,0.812174
14315,0.775448
14318,0.663422
14319,0.461446
14325,0.655522
14331,0.393701
14334,0.370199
14341,0.513954
14343,0.821692
14344,0.485088
14346,0.406982
14347,0.301202
14349,0.576787
14352,0.304541
14358,0.424256
14361,0.608918
14363,0.736232
14374,0.560738
14376,0.261502
14381,0.678999
14398,0.450262
14410,0.474498
14412,0.377588
14415,0.503701
14423,0.688213
14425,0.542543
14436,0.588939
14444,0.375689
14455,0.542079
14465,0.35467
14469,0.408525
14471,0.397434
14475,0.302135
14479,0.409888
14480,0.466715
14488,0.729192
14491,0.618573
14501,0.332412
14520,0.867383
14522,0.625719
14523,0.158831
14537,0.81989
14538,0.73609
14550,0.413732
14561,0.250801
14575,0.367368
14586,0.220918
14592,0.280225
14601,0.563157
14602,0.471981
14604,0.385073
14606,0.350714
14627,0.259822
14641,0.812766
14652,0.325744
14662,0.647984
14665,0.478366
14673,0.640269
14675,0.336679
14679,0.520528
14683,0.313886
14686,0.220628
14705,0.518413
14708,0.523345
14709,0.876503
14710,0.285814
14715,0.402011
14717,0.312204
14723,0.364149
14725,0.267012
14727,0.404404
14728,0.421677
14735,0.369314
14746,0.275513
14752,0.527319
14757,0.21768
14762,0.455272
14763,0.427726
14797,0.303347
14812,0.268413
14818,0.586178
14825,0.380741
14827,0.506214
14829,0.428001
14830,0.539343
14837,0.427684
14849,0.216002
14863,0.442652
14869,0.406668
14882,0.355139
14884,0.518526
14886,0.7652
14888,0.808777
14890,0.349789
14904,0.332661
14938,0.436352
14952,0.225246
14958,0.902627
14963,0.411466
14979,0.376381
14980,0.350457
14986,0.425493
14988,0.27815
15003,0.531257
15006,0.673375
15009,0.903532
15015,0.664172
15024,0.422615
15030,0.779607
15036,0.591067
15038,0.800133
15039,0.717303
15047,1
15049,0.383031
15056,0.839611
15068,0.358275
15070,0.342043
15073,0.228319
15081,0.427382
15084,0.246876
15088,0.814243
15092,0.28712
15095,0.318515
15097,0.345776
15098,0.490434
15115,0.540462
15120,0.678512
15126,0.510062
15133,0.71558
15143,0.489694
15156,0.234819
15164,0.23457
15178,0.647952
15198,0.780124
15200,1
15208,0
15214,0.486668
15218,0.795793
15231,0.477488
15238,0.502407
15239,0.517699
15240,0.343397
15249,0.16706
15256,0.235317
15260,0.547493
15290,0.406575
15307,0.918721
15308,0.851831
15321,0.740523
15323,0.589429
15325,0.343794
15342,0.535829
15346,0.498164
15349,0.481131
15354,0.412464
15362,0.46356
15379,0.43889
15383,0.191573
15394,0.484537
15401,0.56564
15405,0.300171
15407,0.288901
15412,0.385297
15413,0.473392
15415,0.646852
15427,0.446896
15430,0.635813
15436,0.602212
15439,0.362009
15443,0.322756
15444,0.603632
15445,0.67089
15450,0.230357
15456,0.624631
15465,0.295262
15466,0.245279
15470,0.608635
15474,0.645431
15476,0.606954
15482,0.382043
15492,0.482908
15510,0.620912
15519,0.341404
15523,0.361072
15535,0.469865
15561,0.920751
15564,0.466066
15566,0.46606
15579,0.400469
15580,0.695107
15581,0.432402
15587,0.358417
15589,0.3329
15591,0.369022
15597,0.540329
15620,0.522412
15627,0.532917
15636,0.538447
15653,0.40603
15662,0.895069
15664,0.356338
15666,0.562325
15667,0.395619
15674,0.492907
15692,0.354801
15715,0.306347
15736,0.621322
15744,0.797017
15746,0.399482
15758,0.387662
15760,0.347656
15766,0.422654
15767,0.459431
15789,0.610275
15810,0.381964
15818,0.370991
15820,0.357962
15830,0.591313
15844,0.602018
15850,0.593582
15857,0.335922
15863,1
15869,0.0999884
15872,0.3699
15873,0.496144
15884,0.0628722
15885,1
15891,0.670053
15898,0.222148
15900,0.323715
15932,0.21538
15940,0.334997
15944,0.204939
15945,0.505844
15963,0.862291
15970,0.36172
15977,0.389797
15982,0.292366
15985,0.444416
15995,0.365866
16004,0.22434
16005,0.324541
16011,0.410566
16019,0.601575
16021,0.23041
16051,0.98826
16065,0.164292
16066,0.135303
16076,0.319781
16091,0.293589
16094,0.351489
16101,0.313944
16104,0.624811
16113,0.670837
16114,0.428071
16115,0.723127
16127,0.52669
16128,0.354698
16138,0.808049
16139,0.53238
16142,0.330482
16144,0.732717
16148,0.505839
16151,0.424461
16156,0.679501
16165,0.432984
16166,0.346388
16179,0.839631
16193,0.52685
16196,0.526298
16198,0.46162
16210,0.689298
16232,0.319894
16237,0.348534
16240,0.562843
16252,0.383368
16259,0.478243
16262,0.346303
16263,0.298032
16270,0.358942
16272,0.422764
16290,0.356123
16295,0.930011
16297,0.506119
16299,0.586116
16300,0.380482
16302,0.315462
16303,0.485242
16305,0.398062
16309,0.213649
16312,0.388102
16320,0.256951
16326,0.353388
16327,0.484994
16338,0.372042
16342,0.522528
16346,0.710926
16348,0.293381
16355,0.838114
16356,0.602227
16378,0.693146
16382,0.197318
16391,0.462474
16392,0.403232
16395,0.701274
16399,0.564156
16403,0.509335
16408,0.515253
16413,0.38549
16415,0.473811
16417,0.699408
16420,0.651988
16431,0.400775
16439,0.601692
16444,0.883043
16446,0.384869
16451,0.387684
16454,0.340608
16461,0.362711
16462,0.370915
16469,0.0536548
16484,0.460509
16486,0.66615
16487,0.229178
16491,0.419187
16494,0.439802
16507,0.35124
16508,0.353073
16519,0.396223
16523,0.342566
16526,0.643505
16530,0.210732
16532,0.411744
16542,0.473647
16550,0.609257
16555,0.452919
16558,0.410233
16567,0.361919
16576,0.393694
16579,0.331665
16595,0.72121
16598,0.0613852
16600,0.0981773
16604,0.999768
16605,0.468709
16607,0.983413
16610,0.327291
16612,1
16617,0.439516
16625,0.652834
16632,0.492915
16634,0.641129
16650,0.176877
16654,0.345512
16655,0.334621
16656,0.284484
16657,0.477579
16660,0.535394
16662,0.410315
16669,0.216024
16675,0.708258
16676,0.407952
16678,0.187959
16679,0.255867
16693,0.469736
16701,0.391022
16715,0.237919
16722,0.728657
16724,0.501232
16727,0.667908
16735,0.475052
16741,0.542771
16752,0.341618
16758,0.403488
16765,0.264182
16771,0.0824115
16785,0.0568708
16793,0.779302
16800,0.34221
16805,0.299374
16809,0.19217
16820,0.519225
16827,0.650441
16830,0.695676
16843,0.849228
16847,0.301091
16855,0.70283
16860,0.664545
16862,0.824349
16863,0
16872,0.220178
16874,0.272094
16876,0.472552
16893,0.272994
16895,0.48625
16914,0.394561
16917,0.199546
16926,0.386801
16930,0.615554
16931,0.257561
16932,0.40536
16934,0.532043
16937,0.563608
16941,0.163759
16942,0.899447
16957,0.245583
16962,0.508438
16967,0.546469
16968,0.766335
16972,0.486741
16974,0.302619
16984,0.557806
16987,0.219612
16994,0.503653
16995,0.900198
16999,0.337448
17034,0.891969
17038,0.342404
17040,0.196074
17050,0.257354
17068,0.118851
17077,0.242913
17079,0.775104
17082,0.636923
17085,0.62394
17087,0.13784
17099,0.933125
17105,0.0687914
17108,0.246505
17110,0.320351
17111,0.323278
17123,0.429973
17124,0.25894
17130,0.494389
17138,0.113535
17143,0.545021
17157,0.30755
17160,1
17166,0.46569
17167,0.521397
17179,0.595438
17180,0.513286
17189,0.630715
17197,0.387086
17219,0.50072
17223,0.349359
17225,0.471323
17229,0.902899
17234,0.384769
17235,0.282326
17239,0.403334
17242,0.385147
17243,0.323302
17246,0.433888
17247,0.469952
17255,0.331106
17258,0.470366
17260,0.481904
17264,0.507926
17270,0.49538
17271,0.478916
17272,0.369416
17285,0.16989
17294,0.0614759
17297,0.378005
17298,0.695418
17299,0.380916
17306,0.256005
17324,0.408423
17326,0.396708
17330,0.367267
17345,0.409778
17351,0.658148
17352,0.357169
17372,0.326276
17381,0.797721
17385,0.546873
17388,0.388936
17390,0.660435
17392,0.248941
17399,0.127703
17404,0.261395
17407,0.0823426
17408,0.383955
17416,0.668151
17418,0.278618
17434,0.650482
17438,0.639548
17443,0.848112
17444,0.384027
17453,0.437321
17460,0.728927
17467,0.563996
17480,0.433138
17488,0.566753
17490,0.192678
17493,0.40399
17498,0.0795491
17503,0.4174
17513,0.364576
17520,0.37933
17525,0.485935
17534,0.18939
17545,0.66365
17553,0.564876
17554,0.438087
17557,0.29369
17563,0.885901
17576,0.465474
17577,0.322583
17580,1
17582,0.297578
17596,0.343995
17597,0.293126
17602,0.560059
17614,0.80956
17623,0.345123
17624,0.843135
17627,0.339789
17628,0.162889
17630,0.34782
17634,0.671026
17640,0.399129
17652,0.398802
17657,0.153418
17661,0.358556
17662,0.22854
17666,0.307414
17682,0.65594
17688,0.337591
17693,1
17705,0.65023
17711,0.301296
17715,0.272618
17717,0.323021
17721,0.0780722
17728,0.27338
17737,0.174379
17745,0.475655
17755,0.431955
17764,0.56102
17774,0.351376
17785,0.32938
17786,0.53208
17789,0.480742
17802,0.401956
17810,0.779786
17819,0.903901
17825,0.204225
17828,0.127718
17833,0.24335
17841,0.812124
17842,0.384164
17844,0.257644
17849,0.365788
17855,0.3911
17857,0.945668
17861,0.218623
17863,0.296549
17868,0.275202
17876,0.926056
17882,0.351685
17885,0.356887
17893,0.389309
17894,0.244652
17902,1
17906,0.519621
17911,0.626914
17917,0.298869
17921,0.126546
17941,0.522696
17945,0.249084
17949,0.43142
17954,0.37892
17957,0.449528
17958,0.66205
17960,0.419312
17985,0.947225
18000,0.510817
18002,0.838589
18008,0.305114
18014,0.379979
18015,0.793802
18019,0.389256
18021,0.306609
18026,0.264655
18029,0.39046
18034,0.704982
18035,0.33535
18036,0.298261
18039,0.586789
18066,0.436433
18076,0.468725
18089,0.443642
18104,0.356591
18110,0.353257
18129,0.523492
18131,0.920403
18133,0.407348
18136,0.2994
18148,0.300738
18152,0
18167,0.750386
18177,0.172239
18178,0.209518
18183,0.263508
18194,0.664928
18197,0.718939
18213,0.34254
18214,0.336479
18221,0.27862
18227,0.316886
18239,0.839063
18245,0.574359
18266,0.287888
18267,0.425226
18274,0.364557
18283,0.268603
18297,0.412734
18302,0.18422
18303,0.488891
18315,0.497345
18324,0.344232
18326,0.685497
18334,0.109908
18336,0.287815
18344,0.343519
18346,0.469455
18347,0.457769
18350,0.450795
18352,0.575649
18364,0.493329
18366,0.482693
18373,0.229719
18391,0.446334
18393,0.184943
18395,0.47836
18400,1
18408,0.585744
18421,0.242533
18425,0.59234
18443,0.327475
18451,0.286751
18456,0.293766
18458,0.749275
18460,0.199369
18467,0.408942
18468,0.217455
18475,0.312842
18485,0.192786
18494,0.882368
18495,0.711725
18508,0.758527
18530,0.375793
18533,0.353567
18547,0.15212
18548,0.436214
18553,0.225853
18561,0.436063
18565,1
18572,0.295624
18593,0.276258
18600,0.346322
18621,0.692735
18629,0.780408
18637,0.264734
18649,0.29773
18653,0.609172
18660,0.466675
18671,0.23102
18672,0.270475
18677,0.440587
18681,0.740891
18684,0.847208
18686,0.410829
18689,0.20199
18690,0.140176
18709,0.51049
18716,1
18723,0.521376
18773,0.314152
18782,0.480267
18797,0.407491
18810,0.247612
18817,0.979267
18820,0.749772
18825,0.380613
18837,0.492404
18850,1
18857,0.315989
18861,0.471579
18867,0.361973
18870,0.0832441
18877,0.569525
18887,0.514902
18898,0.429818
18900,0.717812
18914,0.942354
18921,0.420041
18922,0.875564
18945,0.522224
18947,0.438127
18953,0.209881
18954,0.0965792
18957,0.406207
18960,0.775853
18973,0.282511
18983,0.57908
18990,0.231397
18991,0.389735
18993,0.0675506
18995,0.484484
18996,0.457213
19003,0.167222
19014,0.365964
19015,0.378528
19019,0.657565
19028,0.456549
19038,0.529273
19040,0.528253
19046,0.487491
19051,0.453141
19054,0.95331
19056,0.473258
19074,0.214183
19085,0.926895
19099,0.803369
19124,0.454726
19134,0.536039
19141,0.380868
19146,1
19150,0.541129
19170,0.349376
19176,0.299794
19187,0.357462
19189,0.300614
19202,0.30515
19208,0.482145
19209,0.402656
19210,0.772399
19216,0.379607
19217,0.229555
19218,0.778419
19223,0.427489
19240,0.28429
19246,0.367267
19269,0.228212
19275,0.105244
19287,0.141165
19298,0.443704
19303,0.32558
19313,0.298756
19325,0.109548
19326,0.0633761
19328,0.266689
19330,0.266387
19340,0.635812
19342,0.367345
19343,0.346203
19344,0.820069
19363,0.367437
19364,0.377129
19371,0.232264
19376,0.119301
19377,0.325105
19381,0.2457
19384,0.351343
19390,0.256316
19402,0.376626
19405,0.40052
19409,0.276182
19418,0.642492
19429,0.561129
19446,0.515349
19458,0.81642
19460,0.319863
19462,0.874657
19465,0.333945
19472,0.304019
19480,0.237681
19503,0.861776
19507,0.470594
19517,0.305116
19533,0.19598
19537,0.182453
19541,0.287788
19563,0.379339
19566,0.673723
19568,0.520898
19576,0.256731
19591,0.445577
19597,1
19619,0.605629
19622,0.756853
19623,0.56485
19624,0.347506
19627,0.495548
19629,0.214576
19633,0.607025
19639,0.280991
19641,0.229145
19643,0.285473
19649,0.293738
19652,0.950309
19657,0.365657
19660,0.796387
19668,1
19678,0.296671
19686,0.642385
19690,0.408636
19694,0.32696
19695,0.216231
19702,0.875761
19712,0.44993
19720,0.664306
19735,0.898781
19739,0.33092
19740,0.737883
19743,0.257153
19750,0.839955
19752,0.851977
19754,0.230169
19762,0.528331
19770,0.540393
19775,0.630755
19777,0.32512
19782,0.280877
19783,0.831786
19786,0.346958
19805,0.230963
19808,0.383343
19819,0.720343
19821,0.282399
19827,0.226229
19830,0.469571
19832,0.398948
19833,0.217463
19834,0.200153
19843,0.205865
19844,0.197025
19846,0.318232
19847,0.209213
19850,0.674169
19851,0.615328
19861,1
19873,0.355084
19878,0.412143
19886,0.490466
19892,0.548313
19901,0.256384
19902,0.287607
19920,0.935981
19921,0.366709
19922,0.0736714
19929,0.412003
19932,0.285565
19935,0.395273
19936,0.3657
19946,0.52094
19950,0.216267
19952,0.703331
19955,0.278122
19976,0.14631
19983,0.721385
19987,0.281062
19991,0.698273
19996,0.607184
20007,0.890804
20015,0.350566
20019,0.346277
20023,0.404801
20034,0.388263
20036,0.334048
20038,0.531806
20039,0.558564
20040,0.9957
20045,0.566969
20046,0.681516
20048,0.496779
20060,0.37821
20068,0.367274
20074,1
20111,0.31759
20117,0.451556
20125,0.460287
20129,0.55067
20134,0.229212
20135,0.314379
20139,0.247465
20142,0.348232
20147,0.753081
20154,0.809185
20157,0.151228
20169,0.408242
20179,0.365226
20202,0.1184
20207,0.451136
20215,0.279303
20216,0.332312
20217,0.924333
20218,1
20219,0.599465
20226,0.565071
20236,0.280253
20239,0.296981
20246,0.295828
20247,0.301598
20253,0.490912
20255,0.202961
20268,0.397154
20270,0.594065
20271,0.479581
20279,0.358425
20282,0.693465
20295,0.380563
20302,0.501114
20305,0.481565
20306,0.483957
20308,0.440605
20330,0.421599
20335,0.183983
20344,0.217284
20349,0.560672
20360,0.248729
20362,0.865806
20378,0.59552
20394,0.420225
20397,0.811635
20403,0.243257
20405,0.297224
20415,0.240612
20417,0.139161
20420,0.233169
20425,0.295955
20430,0.273546
20435,0.954114
20443,0.79239
20446,0.598856
20458,0.442191
20459,1
20467,0.271799
20470,0.475431
20482,0.571355
20489,0.422219
20495,0.300108
20496,0.273129
20497,0.742312
20505,0.366891
20509,0.880596
20535,0.512481
20539,0.644155
20544,0.954895
20547,0.335037
20556,0.336217
20557,0.690929
20575,0.19557
20577,0.263052
20596,0.280512
20597,0.475998
20602,0.123779
20603,0.555385
20609,0.842084
20618,0.275871
20621,0.917872
20628,0.27677
20634,0.401326
20637,0.363489
20641,0.358066
20642,0.446112
20647,0.340193
20655,0.504637
20656,0.254121
20661,0.284435
20664,0.81137
20674,0.801656
20679,1
20680,0.351029
20683,0.624863
20687,0.296018
20688,1
20695,0.353936
20696,0.388891
20699,0.357731
20701,0.330451
20702,0.282831
20704,0.4249
20721,0.200484
20725,0.459065
20731,0.468183
20741,0.369628
20742,0.391786
20753,0.0699373
20756,0.306901
20769,0.383405
20771,0.782288
20774,0.433785
20777,0.227035
20781,0.464585
20797,0.799751
20808,0.566093
20810,0.594207
20820,0.69596
20823,0.94551
20829,1
20832,0.373525
20833,0.272198
20837,0.244316
20838,0.0997539
20839,0.324639
20847,0.271724
20861,0.30707
20869,1
20875,0.440438
20877,0.462974
20889,0.349855
20894,0.996204
20901,0.471798
20919,0.395803
20923,0.4168
20935,0.937175
20937,0.365493
20939,0.369904
20940,0.357942
20943,0.282143
20946,0.789452
20950,0.277916
20961,0.760809
20965,0.566136
20967,0.651947
20969,0.449829
20970,0.505573
20975,0.727018
20987,0.440415
20995,0.584837
20998,0.657915
21002,0.297705
21012,0.757715
21013,0.838017
21015,0.645779
21017,0.309936
21020,0.0881075
21028,0.487562
21031,0.576757
21036,0.449734
21040,0.364158
21048,1
21049,0.552919
21051,0.807751
21070,0.813783
21072,0.927607
21079,0.427269
21090,0.23785
21093,0.488062
21104,0.204471
21114,0.377879
21117,0.323087
21120,0.289145
21121,0.474951
21132,0.27954
21136,0.650635
21139,0.635521
21140,0.293469
21146,0.766151
21150,0.652414
21178,0.537355
21180,0.769185
21198,0.223448
21203,0.207435
21210,0.241118
21218,0.264541
21220,0.345949
21222,0.167539
21228,0.189527
21236,0.53117
21239,0.470607
21260,0.326145
21267,0.357842
21271,0.230216
21279,0.0172959
21286,0.473057
21288,0.256272
21294,0.472169
21298,0.188295
21299,0.463372
21300,0.693165
21304,0.260831
21307,0
21309,0.289105
21311,0.270578
21331,0.32745
21332,0.910997
21342,0.529559
21345,0.894816
21348,0.462474
21353,0.196537
21357,0.0553329
21369,0.484207
21370,0.531899
21371,0.162457
21373,0.102612
21385,0.351622
21392,0.446526
21401,0.44364
21403,0.311202
21406,0.454969
21413,0.249551
21414,0.211924
21416,0.300975
21423,0.757481
21442,0.325978
21443,0.0546068
21448,0.365717
21459,0.384602
21467,0.604469
21474,0.285794
21484,0.172156
21488,0.368224
21495,0.228162
21498,0.119429
21502,0.340929
21503,0.811639
21510,0.619806
21516,0.663434
21533,0.688372
21535,0.457937
21539,0.334327
21541,0.307914
21544,0.672907
21554,0.771947
21569,0.166143
21572,0.117226
21578,0.373032
21580,0.404394
21584,0.223567
21589,0.744169
21595,0.357424
21598,0.707074
21599,0.289749
21606,0.189714
21623,0.377048
21639,0.256754
21641,0.02835
21645,0.0693903
21647,0.233943
21648,0.115229
21657,0.239529
21671,0.305977
21673,0.312272
21678,0.305088
21696,0.677266
21699,0.382731
21700,0.174653
21703,0.450431
21710,0.464976
21721,0.284497
21727,0.48061
21728,0.986827
21731,0.272765
21741,0.0420991
21744,0.675564
21748,0.358517
21753,0.137719
21756,0.370415
21763,0.403612
21767,0.219779
21772,0.773654
21774,0.719572
21775,0.808615
21780,0.720282
21787,0.358177
21805,0.264412
21828,0.197955
21831,0.428536
21837,0.354695
21842,0.244114
21849,0.18845
21856,0.389947
21858,0.189153
21862,0.00403706
21864,0.203505
21867,0.441565
21879,0.267969
21881,0.24713
21883,0.192367
21891,0.855621
21892,0.36296
21902,0.196846
21909,0.20215
21914,0.31952
21918,0.333284
21919,0.264626
21926,0.183986
21930,0.768873
21934,0.858331
21940,0.414214
21945,0.14977
21948,0.588718
21953,0.332927
21954,0.268289
21956,0.327976
21963,0.511816
21970,0.546589
21984,0.299817
21997,0.246519
21999,0.0954921
22001,0.0047263
22002,0.0870718
22010,0.550537
22013,0.710858
22022,0.484503
22024,0.472166
22028,0.330398
22029,1
22045,0.110312
22049,0.216078
22064,0.645706
22069,0.551238
22074,0.66321
22082,0.451531
22084,0.0808766
22090,0.341511
22096,0.719123
22100,0.484373
22105,0.514175
22119,0.247446
22130,0.612419
22152,0.491224
22155,0.274879
22164,0.170502
22173,0.36189
22194,0.313764
22209,0.418434
22217,0.105284
22220,0.0197698
22222,0.553066
22244,0.299542
22245,0.0824049
22250,0.60626
22256,0.620885
22261,0.884979
22264,0.337106
22270,0.20464
22279,0.602892
22280,0.509982
22284,0.338859
22288,0.329658
22293,0.269044
22297,0.921743
22307,0.22626
22310,0.391229
22319,0.392248
22324,0.301524
22326,0.13017
22327,0
22329,0.441828
22331,0.477492
22340,0.892974
22342,0.825377
22347,0.0720928
22351,0.186947
22357,0.251373
22361,0.322581
22371,0.326625
22373,0.291902
22391,0.4523
22404,0.604898
22409,0.516813
22411,0.310826
22428,0.692671
22436,0.507573
22444,0.758353
22445,0.284542
22451,0.363016
22463,0
22464,0.315354
22467,0
22472,0.386582
22485,0.546724
22497,0.32498
22504,0.366411
22508,0
22516,0.121104
22522,0.16507
22527,0.548797
22543,0.655279
22549,0.623359
22551,0.496667
22557,0.410283
22562,0.560336
22567,0.4593
22572,0.378351
22575,0.238997
22578,0
22579,0.369451
22580,0.402067
22581,0.439786
22591,0.501515
22593,0.335684
22597,0.393177
22600,0.230195
22602,0.354521
22603,0.33087
22616,0.745652
22617,0.183196
22622,0.723511
22623,0.104063
22624,1
22628,0.376616
22640,0.447206
22641,0.444468
22653,0.542886
22660,0.114633
22672,0.348035
22674,0.427278
22689,0.539874
22698,0.473608
22705,0.436025
22709,0.614077
22711,0.210722
22714,0.629214
22715,0.171004
22729,0.388203
22730,0.380913
22733,0.0886145
22750,0.333878
22754,0.196737
22756,0.639641
22758,0.298763
22767,0.339345
22768,0.195364
22769,0.561324
22776,0.315818
22778,0.296858
22780,0.332297
22789,0.572655
22797,0.609769
22799,0.285457
22814,0.341355
22818,0.260952
22821,0.417061
22823,0.510663
22841,0.420193
22847,0.659513
22848,0.11952
22862,0.188012
22875,0.557064
22877,0.576355
22887,0.303744
22892,0.0352227
22899,0.582542
22901,0.706747
22907,0.604121
22909,0.593206
22926,0.516133
22927,0.533073
22930,0.496814
22934,0.312559
22937,0.442322
22939,0.681961
22949,0.253226
22951,0.458438
22955,0.382718
22965,0.788337
22966,0.702611
22968,1
22972,0.201324
22975,0.18947
22981,0.385676
22988,0.256296
22994,0.241856
22996,0.711483
23011,0.625952
23028,0.282248
23031,0.287772
23035,0.254559
23038,0.516827
23042,0.362706
23049,0.623977
23051,1
23053,0.662214
23057,0.651401
23058,0.307893
23063,0.365596
23064,0.41571
23067,0.165346
23071,0.461339
23075,0.277769
23077,0.64979
23090,0.370496
23094,0.316274
23097,0.529055
23103,0.360655
23107,0.618343
23117,0.341393
23122,0.384496
23124,0.224752
23126,0.328093
23129,0.64297
23136,0.461584
23141,0.305632
23142,0.443625
23147,0.451901
23154,0.237213
23159,0.406713
23165,0.375088
23171,0.721287
23173,0.404602
23175,0.317652
23179,0.799319
23182,0.575723
23185,0.0774812
23188,0.331245
23189,0.385948
23209,0.634604
23214,0.422532
23215,0.468791
23233,0.364163
23241,0.497171
23252,0.443377
23255,0.512516
23263,0.116536
23281,0.193483
23282,0.0458015
23289,0.256213
23292,0.190927
23296,0.358053
23297,0.330446
23301,0.42689
23302,0.408265
23304,0.389035
23309,0.335717
23312,0.643826
23316,0.452976
23321,0.201272
23342,0.361118
23344,0.244897
23350,0.446186
23367,0.785815
23368,0.158586
23374,0.387627
23387,0.251111
23389,0.688568
23399,0.654193
23403,0.879786
23406,1
23414,0.102624
23415,0.330909
23419,0.714846
23436,0.380881
23439,0.823214
23444,0.421103
23445,0.353048
23455,0.19442
23469,0.323208
23472,0.256353
23477,0.466423
23478,0.83564
23479,0.314656
23487,0
23490,0.408467
23491,0.876558
23492,0.412678
23494,0.301304
23496,0.084763
23497,0.334747
23506,0
23515,0.441586
23528,0.307913
23532,0.386978
23549,0.722966
23551,0.214148
23552,0.210496
23555,0.361871
23556,0.38233
23564,0.658712
23583,0.342015
23592,0.504821
23597,1
23601,0.331585
23605,0.7752
23615,0.26632
23619,0.217825
23621,1
23626,0.895664
23635,0.381786
23637,0.0584656
23640,0.0201579
23646,0.294886
23655,0.0930187
23672,0.46376
23673,0.292786
23682,0.176553
23683,0.400845
23699,0.159485
23704,1
23707,1
23713,0.329495
23714,0.243333
23716,0.343029
23718,1
23721,0.345156
23735,0.215714
23737,0.224477
23744,0.0524731
23749,0.324048
23755,0
23769,0.496842
23772,0.425805
23773,0.43011
23774,0.489742
23779,0.277251
23782,0.479323
23793,0.810407
23803,1
23828,0.953377
23833,0.878307
23834,0.926353
23844,0.316117
23845,0.936064
23852,0.562578
23855,0.836646
23867,0.268094
23872,0.676593
23874,0.552366
23880,0.389035
23886,0.335172
23898,0.325678
23900,0.264741
23903,0.233833
23907,0.389441
23908,0.862711
23912,0.0301888
23916,0.108892
23917,0.448735
23918,0.376981
23922,0.300898
23928,0.315772
23940,0.39544
23944,0.480884
23945,0.296604
23951,0.118788
23966,0.223911
23970,0.202982
23971,0.223231
23976,0.931951
23980,0.408743
23987,1
23988,0.443336
23993,0.463106
23997,0.270845
23998,0.458262
23999,0.837044
24010,0.650252
24015,0.563072
24023,0.136529
24033,0.235089
24046,0.765867
24060,0.411442
24062,0.359988
24065,0.86227
24070,0.561157
24071,0.347858
24073,0.266433
24079,0.0790489
24082,0.901368
24084,0.145725
24089,0.255333
24094,0.43436
24100,0.315879
24105,0.201238
24106,0
24108,0.556249
24111,0.909564
24120,0.19124
24125,0.672478
24134,0.749204
24140,0.198299
24151,0.4528
24153,0.232649
24154,0.309652
24161,0.25264
24166,0.311927
24170,0.549856
24176,0.354338
24182,1
24188,0.319325
24190,0.355224
24201,1
24211,0.767607
24215,0.589766
24216,0.96919
24219,0.361352
24222,0.672096
24240,1
24243,0.64948
24245,0.330218
24251,0.569714
24256,0.944486
24258,0.403907
24261,0.432469
24263,0.234975
24264,0.582602
24266,0.366631
24273,0.560398
24278,0.239598
24289,0.962667
24292,0.0683821
24293,0.265635
24298,1
24299,0.205781
24303,0.379116
24304,0.450903
24305,0.562094
24329,0.39925
24341,0.652215
24345,0.752581
24353,0.204495
24358,0.813014
24364,0.775545
24367,0.594751
24370,0.705789
24377,0.483973
24380,0.408967
24381,0.342167
24387,0.161126
24391,0.359215
24409,1
24413,0.158205
24416,0.274408
24427,0.292657
24439,0.218436
24443,0.512411
24448,0.534722
24454,1
24455,0.372646
24461,0.282448
24464,0.525709
24468,0.589099
24469,0.387102
24501,0.127165
24508,0.357389
24519,0.477512
24520,0.906402
24538,0.441604
24540,0.749426
24550,0.370461
24552,0.431353
24561,0.634841
24577,0.353029
24579,0.224167
24580,0.448067
24582,0.205873
24591,1
24592,0.588773
24599,0.957711
24602,0.203458
24606,0.534063
24617,0.580299
24619,1
24630,0.346575
24633,0.930637
24634,0.836522
24638,0.29844
24641,0.440352
24644,0.22532
24645,0.770993
24656,0.506778
24661,0.11837
24663,0.820203
24667,0.389346
24669,0.69319
24682,0.530235
24698,0.323935
24699,0.735347
24702,0.344274
24703,0.27679
24717,0.679384
24724,1
24731,0.43336
24737,0.405268
24740,0.481664
24743,0.421178
24744,1
24755,0.314048
24757,0.20495
24765,0.28228
24766,0.150831
24776,0.855383
24787,1
24789,0.0020732
24791,0.0700969
24792,0.478506
24804,0.396151
24812,0.366928
24816,0.518381
24817,0.541348
24820,0.790868
24828,0.398407
24832,0.369259
24836,0.437141
24842,0.92677
24846,0.624403
24847,0.474024
24848,1
24851,0.805082
24855,0.814485
24856,0.314697
24871,0.524844
24874,0.60129
24877,0.658867
24889,0.358047
24897,0.653635
24899,0.698809
24908,0.621182
24913,0.896406
24923,0.259616
24933,0.422739
24971,0.604464
24973,1
24993,0.370189
24998,0.383845
25000,0.838412
25001,0.804369
25002,0.380027
25003,0.878081
25009,0.295395
25024,0.422614
25026,0.335799
25027,1
25034,0.565922
25050,0.461505
25057,0.677502
25067,1
25075,0.477941
25081,0.438022
25085,0.49542
25093,0.630788
25097,0.37931
25103,0.669156
25104,0.517657
25109,0.136631
25112,0.760205
25113,0.21205
25114,0.108681
25119,0.0679195
25121,0.0960236
25122,0.700306
25124,0.478471
25131,0.488897
25134,0.742617
25144,0.142899
25147,0.779193
25148,0.201544
25149,0
25155,0.177919
25169,0.858027
25177,0.79825
25178,0.396771
25179,0.268512
25180,0.754575
25191,0.689577
25199,0.307762
25232,0.195395
25241,0.284278
25242,0.640388
25243,0.240837
25246,0.294494
25259,0.852281
25265,0.814745
25278,0.840221
25280,0.470108
25284,0.565613
25286,0.653288
25288,0.370463
25318,1
25330,0.674464
25333,0.32609
25339,0.366807
25340,0.712528
25346,0.336554
25349,0.837922
25351,0.3206
25361,0.754759
25366,0.373646
25368,0.964806
25369,0.550945
25370,0.437521
25375,0.426275
25376,0.820185
25377,0.57845
25379,0.482145
25382,0.561952
25386,0.586642
25389,0.511218
25399,0.355438
25400,1
25401,1
25407,0.390531
25409,0.284501
25412,0.450248
25416,0.283177
25418,0.404076
25423,0.617043
25436,0.412638
25439,0.315384
25442,0.329222
25445,1
25446,0.392801
25453,0.254908
25456,0.281726
25458,0.563564
25460,0.343154
25461,0.442187
25468,0.976101
25470,0.527169
25471,0.522973
25482,0.369788
25501,0.671533
25504,0.672185
25515,0.30911
25518,0.108906
25528,0.34645
25533,0.112656
25543,0.0151435
25548,0.150068
25564,0.408744
25572,0.786665
25576,0.529352
25577,0.406483
25587,0.592136
25591,0.397831
25596,0.438473
25598,0.370241
25617,0.370675
25618,0.59699
25620,0.0578439
25623,0.635836
25626,0.531426
25628,0.594688
25633,0.430766
25637,0.478606
25644,0.226103
25662,0.267795
25663,0.2762
25673,0.713714
25678,0.51519
25685,0.51881
25691,0.297912
25706,0.420235
25707,0.276648
25723,0.185874
25725,0.327995
25735,0.732691
25740,0.457599
25759,0.389511
25761,1
25769,0.424444
25774,0.47026
25779,0.800045
25781,0.37817
25784,0.663821
25790,1
25796,0.25175
25816,0.491315
25847,0.425194
25850,0.385151
25852,0.867846
25856,0.575652
25866,0.611238
25867,0.792102
25868,0.460751
25869,0.403787
25877,0.867254
25878,0.413852
25890,0.101243
25898,0.509718
25899,0.256616
25906,1
25907,1
25915,0.978991
25932,0.811034
25939,0.28373
25946,0.771064
25951,0.723384
25959,0.347799
25961,0.500264
25964,0.449166
25969,0.410397
25980,0.313777
25986,0.656864
25992,0.318283
25998,0.540773
26000,0.544423
26006,0.516629
26009,0.330438
26016,0.552203
26023,1
26038,0.738633
26041,0.603552
26050,0.360572
26051,1
26057,0.365864
26060,0.344875
26062,0.267114
26067,1
26068,0.354579
26072,0.342514
26074,0.92522
26075,0.429404
26081,0.585895
26108,0.732049
26112,1
26113,0.37385
26115,0.0350836
26122,0.579559
26139,0.504954
26162,0.372564
26165,0.311016
26173,0.362334
26177,0.501023
26179,0.361022
26184,0.365446
26190,0.39555
26204,0.256032
26205,0.298184
26212,0.604557
26215,0.318796
26227,0.690704
26232,0.76149
26237,0.557288
26246,0.426941
26248,0.610024
26249,0.265615
26260,0.45806
26263,0.279087
26267,0.739489
26269,0.443412
26271,0.83202
26273,0.581525
26286,0.409192
26297,0.537549
26309,0.431584
26313,0.349523
26319,0.449008
26329,0.506809
26330,1
26333,0.25683
26361,0.762197
26366,0.46681
26376,0.988008
26378,0.402812
26382,0.455691
26389,0.553677
26391,0.463717
26401,0.659478
26415,0.387212
26419,0.715419
26421,0.969167
26422,0.570073
26423,0.853532
26424,0.81501
26441,0.697119
26442,0.469575
26446,0.68986
26447,0.51808
26448,0.645171
26451,0.495153
26459,0.189341
26465,0.0108114
26476,0.436246
26481,0.37875
26487,0.955797
26501,0.372259
26513,1
26517,0.237667
26527,0.748813
26534,0.915486
26535,0.952085
26545,0.235969
26550,0.42737
26558,0.0879067
26571,0.762265
26573,0.401342
26575,0.190766
26578,0.294672
26583,0.869233
26590,0.216037
26593,0.778441
26602,0.205238
26606,0.90393
26613,0.741009
26615,0.284086
26618,0.314689
26628,1
26630,0.738717
26635,0.3018
26645,0.284943
26648,0.188735
26651,0.597704
26660,0.347388
26663,0.506669
26664,0.535316
26665,0.624556
26673,0.774579
26675,0.553628
26676,0.323115
26677,0.490369
26679,0.285009
26687,0.238059
26689,0.28505
26697,0.218501
26737,0.787006
26747,1
26748,0.326444
26749,0.269674
26754,1
26759,0.341826
26760,0.797378
26765,0.440234
26769,0.22787
26771,0.376872
26776,0.404545
26778,0.18339
26780,0.287898
26783,0.407715
26785,0.331966
26800,0.317166
26804,0.187655
26812,0.320683
26816,0.219542
26823,0.754045
26834,0.235961
26836,0.721065
26841,0.721762
26845,0.362961
26849,0.385522
26854,0.76221
26858,0.241452
26860,0.477989
26866,0.431993
26871,0.342382
26873,0.595441
26905,0.233564
26907,0.265527
26920,0.393761
26924,0.222129
26930,0.436397
26942,0.45767
26944,0.417777
26949,0.732656
26952,0.968881
26956,0.534608
26973,0.281065
26977,0.296351
26993,0.668161
26997,0.25454
26999,0.60792
27021,0.204216
27023,0.40562
27025,0.02379
27027,0.219477
27032,0.33951
27034,0.167837
27036,0.675654
27045,0.245124
27050,0.226156
27051,0.570511
27055,0.202136
27056,0.198348
27060,0.340795
27061,0.551685
27066,0.421278
27070,0.174836
27073,0.151007
27077,0.700692
27085,0.268511
27086,0.184805
27099,0.480879
27105,0.367225
27109,0.256893
27125,0.220311
27135,0
27139,0.621884
27140,1
27141,0.327183
27142,0.228449
27144,0.209205
27148,0.352625
27154,0.312918
27162,0.633492
27175,0.596836
27176,0.374739
27178,0.894996
27197,0.266993
27204,0.279451
27205,0.292125
27206,0.402835
27207,0.429598
27216,0.298509
27230,0.210157
27234,0.242719
27241,0.388044
27249,0.89381
27251,0.250337
27252,0.524661
27256,0.656338
27257,0.506043
27263,0.319582
27268,0.296095
27269,0.375399
27276,0.428849
27279,0.540943
27288,0.68792
27295,0.321854
27299,0.290837
27302,0.38141
27304,0.333233
27316,0.577353
27318,0.174122
27330,0.283454
27333,0.432049
27335,0.35787
27339,0.31716
27341,0.0178192
27342,0.309989
27345,0.352192
27347,0.416025
27354,0.266819
27361,0.248901
27375,0.70206
27387,0.312406
27390,0.339217
27392,0.563211
27399,0.087887
27403,0.280588
27410,0.429584
27423,0.20407
27429,0.39637
27432,0.400161
27436,0.317559
27437,0.901735
27441,0.751258
27444,0.611788
27445,0.361693
27448,0.870256
27454,0.397501
27459,0.198123
27465,0.41207
27478,1
27479,0.359743
27481,0.606194
27483,0.491731
27486,0.412492
27498,0.403715
27505,0.330038
27507,0.274645
27509,0.313309
27514,0.276084
27527,0.971208
27535,0.190201
27544,0.474939
27545,0.356653
27556,0.342917
27563,0.36374
27569,0.384721
27585,0.48756
27589,0.335856
27605,0.17465
27608,0.801632
27609,0.270966
27611,0.433185
27621,0.584602
27626,0.792787
27629,0.393937
27645,0.865082
27651,0.286208
27654,0.275068
27656,0.643249
27663,0.663137
27673,0.119819
27677,0.280601
27678,0.161327
27680,0.240014
27681,0.30404
27684,0.181262
27688,0.0254906
27706,0.0865539
27709,0.183066
27720,0.173311
27722,0.205376
27733,0.560535
27734,0.479531
27739,0.262356
27746,0.265407
27751,0.851915
27755,0.242952
27777,0.571218
27783,0.552772
27795,0.429656
27805,0.577615
27811,0.498483
27815,0.453898
27823,0.469061
27856,0.556739
27873,0.563134
27883,0.487152
27885,0.831908
27887,0.808509
27899,0.533128
27921,0.354143
27924,0.485824
27927,0.512153
27929,0.480244
27932,0.547863
27943,0.400595
27945,0.278409
27952,0.466916
27957,0.965059
27960,0.425578
27966,0.407205
27968,0.734855
27980,0.726661
27984,0.233335
27994,0.525329
27995,0.301408
28002,0.660026
28004,0.680251
28006,0.249064
28028,0.917415
28042,0.811698
28043,0.119699
28055,0.277578
28061,0.139906
28063,0.339216
28077,0.248488
28090,0.873731
28093,0.402357
28095,0.192695
28096,0.568899
28098,0.848278
28099,0.229298
28111,0.389612
28115,0.38951
28123,0.228772
28125,0.391838
28126,0.603165
28129,0.684835
28131,0.462033
28139,0.182631
28146,0.548605
28153,0.841865
28155,0.368435
28160,0.4824
28166,0.450276
28167,0.671068
28176,0.785598
28185,0.443382
28187,0.7869
28195,0.704457
28203,0.46849
28206,0.497751
28209,0.415504
28210,0.372523
28211,0.405604
28216,0.530453
28234,0.594039
28235,0.690135
28248,0.381796
28255,0.493399
28266,0.25297
28277,0.324011
28286,0.250582
28288,0.472167
28289,0.381736
28290,0.501177
28296,0.561466
28300,0.79059
28306,0.300569
28307,0.435862
28309,0.430524
28327,0.366793
28336,0.29751
28345,0.251123
28355,0.365317
28361,0.442053
28362,0.465149
28374,0.366907
28380,0.727414
28381,0.373016
28393,0.306092
28394,0.560947
28405,0.333701
28413,0.430526
28426,0.518241
28428,0.608656
28429,0.498209
28442,0.393262
28445,0.327755
28457,0.948915
28459,0.574338
28462,0.479859
28478,0.312846
28490,0.253744
28492,0.181978
28499,0.547365
28500,0.294241
28506,0.719999
28509,0.407025
28513,0.486286
28516,0.496306
28519,0.797975
28526,0.287588
28527,0.409132
28528,0.856276
28533,0.483214
28547,0.187959
28551,0.509516
28563,0.477912
28566,0.426868
28568,0.393434
28580,0.471618
28589,0.432506
28590,0.76457
28606,0.340253
28613,0.354511
28615,0.136762
28619,0.377142
28629,0.321023
28633,0.33874
28635,0.742699
28646,0.244404
28648,0.708512
28651,0.424987
28660,0.761234
28681,0.444656
28693,0.321736
28696,0.384359
28703,0.446051
28709,0.380424
28712,0.839173
28718,0.214245
28719,0.392411
28727,0.251952
28730,0.730869
28732,0.725597
28740,0.402322
28747,0.42641
28752,0.618609
28757,0.304403
28764,0.396529
28765,0.880986
28770,0.115268
28772,0.554809
28783,0.402422
28786,0.299665
28796,0.334089
28799,0.383878
28806,0.577473
28807,0.402014
28815,0.353295
28818,0.301604
28823,0.433795
28824,0.496016
28831,0.974855
28834,0.363409
28841,0.280021
28848,0.500842
28882,0.475674
28884,0.316257
28904,0.301697
28907,0.313826
28919,0.223623
28920,0.508547
28928,0.0875429
28935,0.313635
28936,0.345463
28945,0.277938
28950,0.441031
28957,0.664949
28963,0.567973
28974,0.462106
28980,0.485068
28988,0.763144
28999,0.248613
29001,0.454389
29004,0.434206
29006,0.551326
29012,0.363888
29018,0.45927
29027,0.381793
29030,0.218388
29032,0.30363
29039,0.267678
29043,0.372162
29056,0.643265
29064,0.736144
29068,0.37918
29069,0.371832
29074,0.150834
29076,0.171135
29085,0.242785
29088,0.603927
29091,0.327111
29092,0.528735
29093,0.285835
29094,0.526409
29108,0.670158
29114,0.377396
29115,0.197319
29118,0.183383
29125,0.198338
29127,0.813947
29150,0.240612
29152,0.293468
29155,0.469102
29165,0.284332
29167,0.425796
29174,0.411334
29180,0.366037
29185,0.343509
29190,0.347141
29192,0.427864
29194,0.26085
29220,0.253105
29231,0.423297
29237,0.736819
29240,0.625885
29247,0.503201
29256,0.428599
29275,0.424426
29278,0.367365
29280,1
29286,0.394173
29288,1
29305,0.924891
29327,0.425306
29329,0.601143
29333,0.565491
29335,0.4257
29342,0.727247
29344,0.376072
29353,0.393691
29358,0.414133
29373,0.499161
29392,0.418573
29393,0.293157
29395,0.603009
29403,0.640013
29405,0.395353
29410,0.568113
29423,0.302583
29427,0.571759
29429,0.534097
29432,0.350934
29440,0.643484
29447,0.48699
29448,0.591476
29452,0.574884
29455,0.366425
29461,0.393303
29466,0.594091
29474,0.289691
29476,0.504225
29486,0.675266
29494,0.460655
29497,0.484618
29505,0.45611
29511,0.55434
29516,0.61404
29522,0.34176
29523,0.312213
29524,0.361296
29529,0.310546
29533,0.672934
29535,0.492345
29548,0.296505
29551,0.197699
29563,0.198983
29574,0.550834
29575,0.16723
29592,0.126622
29599,0.583781
29608,0.180012
29613,0.567108
29620,0.243128
29630,0.56775
29637,0.144041
29638,0.52717
29643,0.219256
29648,0.0979228
29657,0.395006
29659,0.136682
29662,0.404684
29665,0.34902
29699,0.600061
29706,0.872433
29715,0.28472
29716,0.422606
29717,0.34745
29721,0.183542
29731,0.441582
29735,0.318426
29739,0.148184
29742,0.294539
29747,0.819989
29749,1
29754,1
29773,0.475726
29777,0.480163
29779,0.23042
29783,0.144049
29786,0.192829
29805,0.731671
29811,0.221168
29812,0.358882
29815,0.753154
29819,0.362404
29833,0.204153
29847,0.442031
29854,0.775817
29856,0.33614
29859,0.464966
29864,0.369189
29865,0.386176
29867,0.302614
29885,0.308241
29894,0.273293
29900,0.175468
29910,0.468267
29928,0.384124
29942,0.317271
29951,0.401052
29953,0.408776
29962,0.125066
29968,0.397684
29974,0.76643
29980,0.793557
29987,0.553109
29993,0.620701
30001,0.815666
30005,1
30015,0.414206
30034,0.417927
30041,0.182302
30044,0.048834
30058,0.440438
30061,0.452622
30064,0.441699
30065,0.26113
30069,0.399985
30074,0.486859
30076,0.356288
30080,0.451548
30086,0.695476
30087,0.267435
30092,0.119201
30093,0.540323
30096,0.325132
30097,0.711914
30098,0.399058
30102,0.712781
30106,0.42855
30110,0.983049
30111,1
30122,0.249438
30128,0.20593
30130,0.939142
30131,0.282642
30132,0.410628
30135,0.406052
30137,0.772029
30157,0.717077
30158,0.504614
30162,0.148344
30170,0.550138
30174,0.165179
30195,0.481519
30196,0.430589
30204,0.350114
30207,0.786829
30209,0.488396
30212,0.209027
30221,0.191964
30225,0.552843
30229,0.411047
30231,0.0426257
30233,0.394168
30237,0.134985
30239,0.125903
30242,0.0788272
30244,0.254348
30249,0.423946
30262,0.027486
30286,0.291211
30292,0.417254
30303,0.280776
30320,0.371861
30322,0.326579
30355,0.269954
30356,0.436639
30372,0.328288
30375,0.611377
30379,0.645416
30384,0.537367
30386,0.405587
30394,0.260175
30395,0.379223
30396,0.459207
30397,0.543557
30402,0.403133
30413,0.401085
30416,0.497356
30420,0.285116
30422,0.923696
30432,0.437206
30434,0.42733
30438,0.43573
30444,0.208106
30446,0.433839
30455,0.35657
30457,0.477975
30459,0.417061
30463,0.468066
30468,0.338399
30477,0.307087
30478,0.447368
30481,0.445826
30482,0.384321
30487,0.450987
30491,0.4495
30496,0.826905
30501,0.475499
30506,0.364807
30511,0.442388
30513,0.310229
30516,0.408089
30520,0.392014
30531,0.381983
30542,0.770624
30555,0.524273
30557,0.320863
30568,0.370055
30570,1
30584,0.55965
30594,0.787673
30614,0.39712
30617,0.36018
30618,0.658379
30631,0.218811
30632,0.363197
30634,0.758383
30636,0.356998
30637,0.371412
30639,0.34654
30647,0.26543
30649,0.430048
30656,0.459804
30660,0.335409
30665,0.302004
30669,0.184423
30681,0.548758
30683,0.881719
30687,0.797576
30694,0.436982
